{"model": "Logistic Regression", "accuracy": 0.6603333333333332, "f1": 0.6558441558441558}