{"model": "Random Forest", "accuracy": 0.7593333333333334, "f1": 0.7533333333333333}