{"model": "stack", "accuracy": 0.7430000000000001, "f1": 0.7443149443149443}